"Program","Year","Period","Week Ending","Geo Level","State","State ANSI","Ag District","Ag District Code","County","County ANSI","Zip Code","Region","watershed_code","Watershed","Commodity","Data Item","Domain","Domain Category","Value","CV (%)"
"SURVEY","2024","MARKETING YEAR","","NATIONAL","US TOTAL","","","","","","","","00000000","","CORN","CORN, GRAIN - PRICE RECEIVED, MEASURED IN $ / BU","TOTAL","NOT SPECIFIED","4.35",""
"SURVEY","2024","MARKETING YEAR","","NATIONAL","US TOTAL","","","","","","","","00000000","","SOYBEANS","SOYBEANS - PRICE RECEIVED, MEASURED IN $ / BU","TOTAL","NOT SPECIFIED","10.1",""
"SURVEY","2024","MARKETING YEAR","","NATIONAL","US TOTAL","","","","","","","","00000000","","WHEAT","WHEAT - PRICE RECEIVED, MEASURED IN $ / BU","TOTAL","NOT SPECIFIED","5.52",""
"SURVEY","2023","MARKETING YEAR","","NATIONAL","US TOTAL","","","","","","","","00000000","","CORN","CORN, GRAIN - PRICE RECEIVED, MEASURED IN $ / BU","TOTAL","NOT SPECIFIED","4.55",""
"SURVEY","2023","MARKETING YEAR","","NATIONAL","US TOTAL","","","","","","","","00000000","","SOYBEANS","SOYBEANS - PRICE RECEIVED, MEASURED IN $ / BU","TOTAL","NOT SPECIFIED","12.4",""
"SURVEY","2023","MARKETING YEAR","","NATIONAL","US TOTAL","","","","","","","","00000000","","WHEAT","WHEAT - PRICE RECEIVED, MEASURED IN $ / BU","TOTAL","NOT SPECIFIED","6.96",""
"SURVEY","2022","MARKETING YEAR","","NATIONAL","US TOTAL","","","","","","","","00000000","","CORN","CORN, GRAIN - PRICE RECEIVED, MEASURED IN $ / BU","TOTAL","NOT SPECIFIED","6.54",""
"SURVEY","2022","MARKETING YEAR","","NATIONAL","US TOTAL","","","","","","","","00000000","","SOYBEANS","SOYBEANS - PRICE RECEIVED, MEASURED IN $ / BU","TOTAL","NOT SPECIFIED","14.2",""
"SURVEY","2022","MARKETING YEAR","","NATIONAL","US TOTAL","","","","","","","","00000000","","WHEAT","WHEAT - PRICE RECEIVED, MEASURED IN $ / BU","TOTAL","NOT SPECIFIED","8.83",""
"SURVEY","2021","MARKETING YEAR","","NATIONAL","US TOTAL","","","","","","","","00000000","","CORN","CORN, GRAIN - PRICE RECEIVED, MEASURED IN $ / BU","TOTAL","NOT SPECIFIED","6",""
"SURVEY","2021","MARKETING YEAR","","NATIONAL","US TOTAL","","","","","","","","00000000","","SOYBEANS","SOYBEANS - PRICE RECEIVED, MEASURED IN $ / BU","TOTAL","NOT SPECIFIED","13.3",""
"SURVEY","2021","MARKETING YEAR","","NATIONAL","US TOTAL","","","","","","","","00000000","","WHEAT","WHEAT - PRICE RECEIVED, MEASURED IN $ / BU","TOTAL","NOT SPECIFIED","7.63",""
"SURVEY","2020","MARKETING YEAR","","NATIONAL","US TOTAL","","","","","","","","00000000","","CORN","CORN, GRAIN - PRICE RECEIVED, MEASURED IN $ / BU","TOTAL","NOT SPECIFIED","4.53",""
"SURVEY","2020","MARKETING YEAR","","NATIONAL","US TOTAL","","","","","","","","00000000","","SOYBEANS","SOYBEANS - PRICE RECEIVED, MEASURED IN $ / BU","TOTAL","NOT SPECIFIED","10.8",""
"SURVEY","2020","MARKETING YEAR","","NATIONAL","US TOTAL","","","","","","","","00000000","","WHEAT","WHEAT - PRICE RECEIVED, MEASURED IN $ / BU","TOTAL","NOT SPECIFIED","5.05",""
"SURVEY","2019","MARKETING YEAR","","NATIONAL","US TOTAL","","","","","","","","00000000","","CORN","CORN, GRAIN - PRICE RECEIVED, MEASURED IN $ / BU","TOTAL","NOT SPECIFIED","3.56",""
"SURVEY","2019","MARKETING YEAR","","NATIONAL","US TOTAL","","","","","","","","00000000","","SOYBEANS","SOYBEANS - PRICE RECEIVED, MEASURED IN $ / BU","TOTAL","NOT SPECIFIED","8.57",""
"SURVEY","2019","MARKETING YEAR","","NATIONAL","US TOTAL","","","","","","","","00000000","","WHEAT","WHEAT - PRICE RECEIVED, MEASURED IN $ / BU","TOTAL","NOT SPECIFIED","4.58",""
"SURVEY","2018","MARKETING YEAR","","NATIONAL","US TOTAL","","","","","","","","00000000","","CORN","CORN, GRAIN - PRICE RECEIVED, MEASURED IN $ / BU","TOTAL","NOT SPECIFIED","3.61",""
"SURVEY","2018","MARKETING YEAR","","NATIONAL","US TOTAL","","","","","","","","00000000","","SOYBEANS","SOYBEANS - PRICE RECEIVED, MEASURED IN $ / BU","TOTAL","NOT SPECIFIED","8.48",""
"SURVEY","2018","MARKETING YEAR","","NATIONAL","US TOTAL","","","","","","","","00000000","","WHEAT","WHEAT - PRICE RECEIVED, MEASURED IN $ / BU","TOTAL","NOT SPECIFIED","5.16",""
"SURVEY","2017","MARKETING YEAR","","NATIONAL","US TOTAL","","","","","","","","00000000","","CORN","CORN, GRAIN - PRICE RECEIVED, MEASURED IN $ / BU","TOTAL","NOT SPECIFIED","3.36",""
"SURVEY","2017","MARKETING YEAR","","NATIONAL","US TOTAL","","","","","","","","00000000","","SOYBEANS","SOYBEANS - PRICE RECEIVED, MEASURED IN $ / BU","TOTAL","NOT SPECIFIED","9.33",""
"SURVEY","2017","MARKETING YEAR","","NATIONAL","US TOTAL","","","","","","","","00000000","","WHEAT","WHEAT - PRICE RECEIVED, MEASURED IN $ / BU","TOTAL","NOT SPECIFIED","4.72",""
"SURVEY","2016","MARKETING YEAR","","NATIONAL","US TOTAL","","","","","","","","00000000","","CORN","CORN, GRAIN - PRICE RECEIVED, MEASURED IN $ / BU","TOTAL","NOT SPECIFIED","3.36",""
"SURVEY","2016","MARKETING YEAR","","NATIONAL","US TOTAL","","","","","","","","00000000","","SOYBEANS","SOYBEANS - PRICE RECEIVED, MEASURED IN $ / BU","TOTAL","NOT SPECIFIED","9.47",""
"SURVEY","2016","MARKETING YEAR","","NATIONAL","US TOTAL","","","","","","","","00000000","","WHEAT","WHEAT - PRICE RECEIVED, MEASURED IN $ / BU","TOTAL","NOT SPECIFIED","3.89",""
"SURVEY","2015","MARKETING YEAR","","NATIONAL","US TOTAL","","","","","","","","00000000","","CORN","CORN, GRAIN - PRICE RECEIVED, MEASURED IN $ / BU","TOTAL","NOT SPECIFIED","3.61",""
"SURVEY","2015","MARKETING YEAR","","NATIONAL","US TOTAL","","","","","","","","00000000","","SOYBEANS","SOYBEANS - PRICE RECEIVED, MEASURED IN $ / BU","TOTAL","NOT SPECIFIED","8.95",""
"SURVEY","2015","MARKETING YEAR","","NATIONAL","US TOTAL","","","","","","","","00000000","","WHEAT","WHEAT - PRICE RECEIVED, MEASURED IN $ / BU","TOTAL","NOT SPECIFIED","4.89",""
"SURVEY","2014","MARKETING YEAR","","NATIONAL","US TOTAL","","","","","","","","00000000","","CORN","CORN, GRAIN - PRICE RECEIVED, MEASURED IN $ / BU","TOTAL","NOT SPECIFIED","3.7",""
"SURVEY","2014","MARKETING YEAR","","NATIONAL","US TOTAL","","","","","","","","00000000","","SOYBEANS","SOYBEANS - PRICE RECEIVED, MEASURED IN $ / BU","TOTAL","NOT SPECIFIED","10.1",""
"SURVEY","2014","MARKETING YEAR","","NATIONAL","US TOTAL","","","","","","","","00000000","","WHEAT","WHEAT - PRICE RECEIVED, MEASURED IN $ / BU","TOTAL","NOT SPECIFIED","5.99",""
"SURVEY","2013","MARKETING YEAR","","NATIONAL","US TOTAL","","","","","","","","00000000","","CORN","CORN, GRAIN - PRICE RECEIVED, MEASURED IN $ / BU","TOTAL","NOT SPECIFIED","4.46",""
"SURVEY","2013","MARKETING YEAR","","NATIONAL","US TOTAL","","","","","","","","00000000","","SOYBEANS","SOYBEANS - PRICE RECEIVED, MEASURED IN $ / BU","TOTAL","NOT SPECIFIED","13",""
"SURVEY","2013","MARKETING YEAR","","NATIONAL","US TOTAL","","","","","","","","00000000","","WHEAT","WHEAT - PRICE RECEIVED, MEASURED IN $ / BU","TOTAL","NOT SPECIFIED","6.87",""
"SURVEY","2012","MARKETING YEAR","","NATIONAL","US TOTAL","","","","","","","","00000000","","CORN","CORN, GRAIN - PRICE RECEIVED, MEASURED IN $ / BU","TOTAL","NOT SPECIFIED","6.89",""
"SURVEY","2012","MARKETING YEAR","","NATIONAL","US TOTAL","","","","","","","","00000000","","SOYBEANS","SOYBEANS - PRICE RECEIVED, MEASURED IN $ / BU","TOTAL","NOT SPECIFIED","14.4",""
"SURVEY","2012","MARKETING YEAR","","NATIONAL","US TOTAL","","","","","","","","00000000","","WHEAT","WHEAT - PRICE RECEIVED, MEASURED IN $ / BU","TOTAL","NOT SPECIFIED","7.77",""
"SURVEY","2011","MARKETING YEAR","","NATIONAL","US TOTAL","","","","","","","","00000000","","CORN","CORN, GRAIN - PRICE RECEIVED, MEASURED IN $ / BU","TOTAL","NOT SPECIFIED","6.22",""
"SURVEY","2011","MARKETING YEAR","","NATIONAL","US TOTAL","","","","","","","","00000000","","SOYBEANS","SOYBEANS - PRICE RECEIVED, MEASURED IN $ / BU","TOTAL","NOT SPECIFIED","12.5",""
"SURVEY","2011","MARKETING YEAR","","NATIONAL","US TOTAL","","","","","","","","00000000","","WHEAT","WHEAT - PRICE RECEIVED, MEASURED IN $ / BU","TOTAL","NOT SPECIFIED","7.24",""
"SURVEY","2010","MARKETING YEAR","","NATIONAL","US TOTAL","","","","","","","","00000000","","CORN","CORN, GRAIN - PRICE RECEIVED, MEASURED IN $ / BU","TOTAL","NOT SPECIFIED","5.18",""
"SURVEY","2010","MARKETING YEAR","","NATIONAL","US TOTAL","","","","","","","","00000000","","SOYBEANS","SOYBEANS - PRICE RECEIVED, MEASURED IN $ / BU","TOTAL","NOT SPECIFIED","11.3",""
"SURVEY","2010","MARKETING YEAR","","NATIONAL","US TOTAL","","","","","","","","00000000","","WHEAT","WHEAT - PRICE RECEIVED, MEASURED IN $ / BU","TOTAL","NOT SPECIFIED","5.7",""
"SURVEY","2009","MARKETING YEAR","","NATIONAL","US TOTAL","","","","","","","","00000000","","CORN","CORN, GRAIN - PRICE RECEIVED, MEASURED IN $ / BU","TOTAL","NOT SPECIFIED","3.55",""
"SURVEY","2009","MARKETING YEAR","","NATIONAL","US TOTAL","","","","","","","","00000000","","SOYBEANS","SOYBEANS - PRICE RECEIVED, MEASURED IN $ / BU","TOTAL","NOT SPECIFIED","9.59",""
"SURVEY","2009","MARKETING YEAR","","NATIONAL","US TOTAL","","","","","","","","00000000","","WHEAT","WHEAT - PRICE RECEIVED, MEASURED IN $ / BU","TOTAL","NOT SPECIFIED","4.87",""
"SURVEY","2008","MARKETING YEAR","","NATIONAL","US TOTAL","","","","","","","","00000000","","CORN","CORN, GRAIN - PRICE RECEIVED, MEASURED IN $ / BU","TOTAL","NOT SPECIFIED","4.06",""
"SURVEY","2008","MARKETING YEAR","","NATIONAL","US TOTAL","","","","","","","","00000000","","SOYBEANS","SOYBEANS - PRICE RECEIVED, MEASURED IN $ / BU","TOTAL","NOT SPECIFIED","9.97",""
"SURVEY","2008","MARKETING YEAR","","NATIONAL","US TOTAL","","","","","","","","00000000","","WHEAT","WHEAT - PRICE RECEIVED, MEASURED IN $ / BU","TOTAL","NOT SPECIFIED","6.78",""
"SURVEY","2007","MARKETING YEAR","","NATIONAL","US TOTAL","","","","","","","","00000000","","CORN","CORN, GRAIN - PRICE RECEIVED, MEASURED IN $ / BU","TOTAL","NOT SPECIFIED","4.2",""
"SURVEY","2007","MARKETING YEAR","","NATIONAL","US TOTAL","","","","","","","","00000000","","SOYBEANS","SOYBEANS - PRICE RECEIVED, MEASURED IN $ / BU","TOTAL","NOT SPECIFIED","10.1",""
"SURVEY","2007","MARKETING YEAR","","NATIONAL","US TOTAL","","","","","","","","00000000","","WHEAT","WHEAT - PRICE RECEIVED, MEASURED IN $ / BU","TOTAL","NOT SPECIFIED","6.48",""
"SURVEY","2006","MARKETING YEAR","","NATIONAL","US TOTAL","","","","","","","","00000000","","CORN","CORN, GRAIN - PRICE RECEIVED, MEASURED IN $ / BU","TOTAL","NOT SPECIFIED","3.04",""
"SURVEY","2006","MARKETING YEAR","","NATIONAL","US TOTAL","","","","","","","","00000000","","SOYBEANS","SOYBEANS - PRICE RECEIVED, MEASURED IN $ / BU","TOTAL","NOT SPECIFIED","6.43",""
"SURVEY","2006","MARKETING YEAR","","NATIONAL","US TOTAL","","","","","","","","00000000","","WHEAT","WHEAT - PRICE RECEIVED, MEASURED IN $ / BU","TOTAL","NOT SPECIFIED","4.26",""
"SURVEY","2005","MARKETING YEAR","","NATIONAL","US TOTAL","","","","","","","","00000000","","CORN","CORN, GRAIN - PRICE RECEIVED, MEASURED IN $ / BU","TOTAL","NOT SPECIFIED","2",""
"SURVEY","2005","MARKETING YEAR","","NATIONAL","US TOTAL","","","","","","","","00000000","","SOYBEANS","SOYBEANS - PRICE RECEIVED, MEASURED IN $ / BU","TOTAL","NOT SPECIFIED","5.66",""
"SURVEY","2005","MARKETING YEAR","","NATIONAL","US TOTAL","","","","","","","","00000000","","WHEAT","WHEAT - PRICE RECEIVED, MEASURED IN $ / BU","TOTAL","NOT SPECIFIED","3.42",""
"SURVEY","2004","MARKETING YEAR","","NATIONAL","US TOTAL","","","","","","","","00000000","","CORN","CORN, GRAIN - PRICE RECEIVED, MEASURED IN $ / BU","TOTAL","NOT SPECIFIED","2.06",""
"SURVEY","2004","MARKETING YEAR","","NATIONAL","US TOTAL","","","","","","","","00000000","","SOYBEANS","SOYBEANS - PRICE RECEIVED, MEASURED IN $ / BU","TOTAL","NOT SPECIFIED","5.74",""
"SURVEY","2004","MARKETING YEAR","","NATIONAL","US TOTAL","","","","","","","","00000000","","WHEAT","WHEAT - PRICE RECEIVED, MEASURED IN $ / BU","TOTAL","NOT SPECIFIED","3.4",""
"SURVEY","2003","MARKETING YEAR","","NATIONAL","US TOTAL","","","","","","","","00000000","","CORN","CORN, GRAIN - PRICE RECEIVED, MEASURED IN $ / BU","TOTAL","NOT SPECIFIED","2.42",""
"SURVEY","2003","MARKETING YEAR","","NATIONAL","US TOTAL","","","","","","","","00000000","","SOYBEANS","SOYBEANS - PRICE RECEIVED, MEASURED IN $ / BU","TOTAL","NOT SPECIFIED","7.34",""
"SURVEY","2003","MARKETING YEAR","","NATIONAL","US TOTAL","","","","","","","","00000000","","WHEAT","WHEAT - PRICE RECEIVED, MEASURED IN $ / BU","TOTAL","NOT SPECIFIED","3.4",""
"SURVEY","2002","MARKETING YEAR","","NATIONAL","US TOTAL","","","","","","","","00000000","","CORN","CORN, GRAIN - PRICE RECEIVED, MEASURED IN $ / BU","TOTAL","NOT SPECIFIED","2.32",""
"SURVEY","2002","MARKETING YEAR","","NATIONAL","US TOTAL","","","","","","","","00000000","","SOYBEANS","SOYBEANS - PRICE RECEIVED, MEASURED IN $ / BU","TOTAL","NOT SPECIFIED","5.53",""
"SURVEY","2002","MARKETING YEAR","","NATIONAL","US TOTAL","","","","","","","","00000000","","WHEAT","WHEAT - PRICE RECEIVED, MEASURED IN $ / BU","TOTAL","NOT SPECIFIED","3.56",""
"SURVEY","2001","MARKETING YEAR","","NATIONAL","US TOTAL","","","","","","","","00000000","","CORN","CORN, GRAIN - PRICE RECEIVED, MEASURED IN $ / BU","TOTAL","NOT SPECIFIED","1.97",""
"SURVEY","2001","MARKETING YEAR","","NATIONAL","US TOTAL","","","","","","","","00000000","","SOYBEANS","SOYBEANS - PRICE RECEIVED, MEASURED IN $ / BU","TOTAL","NOT SPECIFIED","4.38",""
"SURVEY","2001","MARKETING YEAR","","NATIONAL","US TOTAL","","","","","","","","00000000","","WHEAT","WHEAT - PRICE RECEIVED, MEASURED IN $ / BU","TOTAL","NOT SPECIFIED","2.78",""
"SURVEY","2000","MARKETING YEAR","","NATIONAL","US TOTAL","","","","","","","","00000000","","CORN","CORN, GRAIN - PRICE RECEIVED, MEASURED IN $ / BU","TOTAL","NOT SPECIFIED","1.85",""
"SURVEY","2000","MARKETING YEAR","","NATIONAL","US TOTAL","","","","","","","","00000000","","SOYBEANS","SOYBEANS - PRICE RECEIVED, MEASURED IN $ / BU","TOTAL","NOT SPECIFIED","4.54",""
"SURVEY","2000","MARKETING YEAR","","NATIONAL","US TOTAL","","","","","","","","00000000","","WHEAT","WHEAT - PRICE RECEIVED, MEASURED IN $ / BU","TOTAL","NOT SPECIFIED","2.62",""
"SURVEY","1999","MARKETING YEAR","","NATIONAL","US TOTAL","","","","","","","","00000000","","CORN","CORN, GRAIN - PRICE RECEIVED, MEASURED IN $ / BU","TOTAL","NOT SPECIFIED","1.82",""
"SURVEY","1999","MARKETING YEAR","","NATIONAL","US TOTAL","","","","","","","","00000000","","SOYBEANS","SOYBEANS - PRICE RECEIVED, MEASURED IN $ / BU","TOTAL","NOT SPECIFIED","4.63",""
"SURVEY","1999","MARKETING YEAR","","NATIONAL","US TOTAL","","","","","","","","00000000","","WHEAT","WHEAT - PRICE RECEIVED, MEASURED IN $ / BU","TOTAL","NOT SPECIFIED","2.48",""
"SURVEY","1998","MARKETING YEAR","","NATIONAL","US TOTAL","","","","","","","","00000000","","CORN","CORN, GRAIN - PRICE RECEIVED, MEASURED IN $ / BU","TOTAL","NOT SPECIFIED","1.94",""
"SURVEY","1998","MARKETING YEAR","","NATIONAL","US TOTAL","","","","","","","","00000000","","SOYBEANS","SOYBEANS - PRICE RECEIVED, MEASURED IN $ / BU","TOTAL","NOT SPECIFIED","4.93",""
"SURVEY","1998","MARKETING YEAR","","NATIONAL","US TOTAL","","","","","","","","00000000","","WHEAT","WHEAT - PRICE RECEIVED, MEASURED IN $ / BU","TOTAL","NOT SPECIFIED","2.65",""
"SURVEY","1997","MARKETING YEAR","","NATIONAL","US TOTAL","","","","","","","","00000000","","CORN","CORN, GRAIN - PRICE RECEIVED, MEASURED IN $ / BU","TOTAL","NOT SPECIFIED","2.43",""
"SURVEY","1997","MARKETING YEAR","","NATIONAL","US TOTAL","","","","","","","","00000000","","SOYBEANS","SOYBEANS - PRICE RECEIVED, MEASURED IN $ / BU","TOTAL","NOT SPECIFIED","6.47",""
"SURVEY","1997","MARKETING YEAR","","NATIONAL","US TOTAL","","","","","","","","00000000","","WHEAT","WHEAT - PRICE RECEIVED, MEASURED IN $ / BU","TOTAL","NOT SPECIFIED","3.38",""
"SURVEY","1996","MARKETING YEAR","","NATIONAL","US TOTAL","","","","","","","","00000000","","CORN","CORN, GRAIN - PRICE RECEIVED, MEASURED IN $ / BU","TOTAL","NOT SPECIFIED","2.71",""
"SURVEY","1996","MARKETING YEAR","","NATIONAL","US TOTAL","","","","","","","","00000000","","SOYBEANS","SOYBEANS - PRICE RECEIVED, MEASURED IN $ / BU","TOTAL","NOT SPECIFIED","7.35",""
"SURVEY","1996","MARKETING YEAR","","NATIONAL","US TOTAL","","","","","","","","00000000","","WHEAT","WHEAT - PRICE RECEIVED, MEASURED IN $ / BU","TOTAL","NOT SPECIFIED","4.3",""
"SURVEY","1995","MARKETING YEAR","","NATIONAL","US TOTAL","","","","","","","","00000000","","CORN","CORN, GRAIN - PRICE RECEIVED, MEASURED IN $ / BU","TOTAL","NOT SPECIFIED","3.24",""
"SURVEY","1995","MARKETING YEAR","","NATIONAL","US TOTAL","","","","","","","","00000000","","SOYBEANS","SOYBEANS - PRICE RECEIVED, MEASURED IN $ / BU","TOTAL","NOT SPECIFIED","6.72",""
"SURVEY","1995","MARKETING YEAR","","NATIONAL","US TOTAL","","","","","","","","00000000","","WHEAT","WHEAT - PRICE RECEIVED, MEASURED IN $ / BU","TOTAL","NOT SPECIFIED","4.55",""
"SURVEY","1994","MARKETING YEAR","","NATIONAL","US TOTAL","","","","","","","","00000000","","CORN","CORN, GRAIN - PRICE RECEIVED, MEASURED IN $ / BU","TOTAL","NOT SPECIFIED","2.26",""
"SURVEY","1994","MARKETING YEAR","","NATIONAL","US TOTAL","","","","","","","","00000000","","SOYBEANS","SOYBEANS - PRICE RECEIVED, MEASURED IN $ / BU","TOTAL","NOT SPECIFIED","5.48",""
"SURVEY","1994","MARKETING YEAR","","NATIONAL","US TOTAL","","","","","","","","00000000","","WHEAT","WHEAT - PRICE RECEIVED, MEASURED IN $ / BU","TOTAL","NOT SPECIFIED","3.45",""
"SURVEY","1993","MARKETING YEAR","","NATIONAL","US TOTAL","","","","","","","","00000000","","CORN","CORN, GRAIN - PRICE RECEIVED, MEASURED IN $ / BU","TOTAL","NOT SPECIFIED","2.5",""
"SURVEY","1993","MARKETING YEAR","","NATIONAL","US TOTAL","","","","","","","","00000000","","SOYBEANS","SOYBEANS - PRICE RECEIVED, MEASURED IN $ / BU","TOTAL","NOT SPECIFIED","6.4",""
"SURVEY","1993","MARKETING YEAR","","NATIONAL","US TOTAL","","","","","","","","00000000","","WHEAT","WHEAT - PRICE RECEIVED, MEASURED IN $ / BU","TOTAL","NOT SPECIFIED","3.26",""
"SURVEY","1992","MARKETING YEAR","","NATIONAL","US TOTAL","","","","","","","","00000000","","CORN","CORN, GRAIN - PRICE RECEIVED, MEASURED IN $ / BU","TOTAL","NOT SPECIFIED","2.07",""
"SURVEY","1992","MARKETING YEAR","","NATIONAL","US TOTAL","","","","","","","","00000000","","SOYBEANS","SOYBEANS - PRICE RECEIVED, MEASURED IN $ / BU","TOTAL","NOT SPECIFIED","5.56",""
"SURVEY","1992","MARKETING YEAR","","NATIONAL","US TOTAL","","","","","","","","00000000","","WHEAT","WHEAT - PRICE RECEIVED, MEASURED IN $ / BU","TOTAL","NOT SPECIFIED","3.24",""
"SURVEY","1991","MARKETING YEAR","","NATIONAL","US TOTAL","","","","","","","","00000000","","CORN","CORN, GRAIN - PRICE RECEIVED, MEASURED IN $ / BU","TOTAL","NOT SPECIFIED","2.37",""
"SURVEY","1991","MARKETING YEAR","","NATIONAL","US TOTAL","","","","","","","","00000000","","SOYBEANS","SOYBEANS - PRICE RECEIVED, MEASURED IN $ / BU","TOTAL","NOT SPECIFIED","5.58",""
"SURVEY","1991","MARKETING YEAR","","NATIONAL","US TOTAL","","","","","","","","00000000","","WHEAT","WHEAT - PRICE RECEIVED, MEASURED IN $ / BU","TOTAL","NOT SPECIFIED","3",""
"SURVEY","1990","MARKETING YEAR","","NATIONAL","US TOTAL","","","","","","","","00000000","","CORN","CORN, GRAIN - PRICE RECEIVED, MEASURED IN $ / BU","TOTAL","NOT SPECIFIED","2.28",""
"SURVEY","1990","MARKETING YEAR","","NATIONAL","US TOTAL","","","","","","","","00000000","","SOYBEANS","SOYBEANS - PRICE RECEIVED, MEASURED IN $ / BU","TOTAL","NOT SPECIFIED","5.74",""
"SURVEY","1990","MARKETING YEAR","","NATIONAL","US TOTAL","","","","","","","","00000000","","WHEAT","WHEAT - PRICE RECEIVED, MEASURED IN $ / BU","TOTAL","NOT SPECIFIED","2.61",""
"SURVEY","1989","MARKETING YEAR","","NATIONAL","US TOTAL","","","","","","","","00000000","","CORN","CORN, GRAIN - PRICE RECEIVED, MEASURED IN $ / BU","TOTAL","NOT SPECIFIED","2.36",""
"SURVEY","1989","MARKETING YEAR","","NATIONAL","US TOTAL","","","","","","","","00000000","","SOYBEANS","SOYBEANS - PRICE RECEIVED, MEASURED IN $ / BU","TOTAL","NOT SPECIFIED","5.69",""
"SURVEY","1989","MARKETING YEAR","","NATIONAL","US TOTAL","","","","","","","","00000000","","WHEAT","WHEAT - PRICE RECEIVED, MEASURED IN $ / BU","TOTAL","NOT SPECIFIED","3.72",""
"SURVEY","1988","MARKETING YEAR","","NATIONAL","US TOTAL","","","","","","","","00000000","","CORN","CORN, GRAIN - PRICE RECEIVED, MEASURED IN $ / BU","TOTAL","NOT SPECIFIED","2.54",""
"SURVEY","1988","MARKETING YEAR","","NATIONAL","US TOTAL","","","","","","","","00000000","","SOYBEANS","SOYBEANS - PRICE RECEIVED, MEASURED IN $ / BU","TOTAL","NOT SPECIFIED","7.42",""
"SURVEY","1988","MARKETING YEAR","","NATIONAL","US TOTAL","","","","","","","","00000000","","WHEAT","WHEAT - PRICE RECEIVED, MEASURED IN $ / BU","TOTAL","NOT SPECIFIED","3.72",""
"SURVEY","1987","MARKETING YEAR","","NATIONAL","US TOTAL","","","","","","","","00000000","","CORN","CORN, GRAIN - PRICE RECEIVED, MEASURED IN $ / BU","TOTAL","NOT SPECIFIED","1.94",""
"SURVEY","1987","MARKETING YEAR","","NATIONAL","US TOTAL","","","","","","","","00000000","","SOYBEANS","SOYBEANS - PRICE RECEIVED, MEASURED IN $ / BU","TOTAL","NOT SPECIFIED","5.88",""
"SURVEY","1987","MARKETING YEAR","","NATIONAL","US TOTAL","","","","","","","","00000000","","WHEAT","WHEAT - PRICE RECEIVED, MEASURED IN $ / BU","TOTAL","NOT SPECIFIED","2.57",""
"SURVEY","1986","MARKETING YEAR","","NATIONAL","US TOTAL","","","","","","","","00000000","","CORN","CORN, GRAIN - PRICE RECEIVED, MEASURED IN $ / BU","TOTAL","NOT SPECIFIED","1.5",""
"SURVEY","1986","MARKETING YEAR","","NATIONAL","US TOTAL","","","","","","","","00000000","","SOYBEANS","SOYBEANS - PRICE RECEIVED, MEASURED IN $ / BU","TOTAL","NOT SPECIFIED","4.78",""
"SURVEY","1986","MARKETING YEAR","","NATIONAL","US TOTAL","","","","","","","","00000000","","WHEAT","WHEAT - PRICE RECEIVED, MEASURED IN $ / BU","TOTAL","NOT SPECIFIED","2.42",""
"SURVEY","1985","MARKETING YEAR","","NATIONAL","US TOTAL","","","","","","","","00000000","","CORN","CORN, GRAIN - PRICE RECEIVED, MEASURED IN $ / BU","TOTAL","NOT SPECIFIED","2.23",""
"SURVEY","1985","MARKETING YEAR","","NATIONAL","US TOTAL","","","","","","","","00000000","","SOYBEANS","SOYBEANS - PRICE RECEIVED, MEASURED IN $ / BU","TOTAL","NOT SPECIFIED","5.05",""
"SURVEY","1985","MARKETING YEAR","","NATIONAL","US TOTAL","","","","","","","","00000000","","WHEAT","WHEAT - PRICE RECEIVED, MEASURED IN $ / BU","TOTAL","NOT SPECIFIED","3.08",""
"SURVEY","1984","MARKETING YEAR","","NATIONAL","US TOTAL","","","","","","","","00000000","","CORN","CORN, GRAIN - PRICE RECEIVED, MEASURED IN $ / BU","TOTAL","NOT SPECIFIED","2.63",""
"SURVEY","1984","MARKETING YEAR","","NATIONAL","US TOTAL","","","","","","","","00000000","","SOYBEANS","SOYBEANS - PRICE RECEIVED, MEASURED IN $ / BU","TOTAL","NOT SPECIFIED","5.84",""
"SURVEY","1984","MARKETING YEAR","","NATIONAL","US TOTAL","","","","","","","","00000000","","WHEAT","WHEAT - PRICE RECEIVED, MEASURED IN $ / BU","TOTAL","NOT SPECIFIED","3.39",""
"SURVEY","1983","MARKETING YEAR","","NATIONAL","US TOTAL","","","","","","","","00000000","","CORN","CORN, GRAIN - PRICE RECEIVED, MEASURED IN $ / BU","TOTAL","NOT SPECIFIED","3.21",""
"SURVEY","1983","MARKETING YEAR","","NATIONAL","US TOTAL","","","","","","","","00000000","","SOYBEANS","SOYBEANS - PRICE RECEIVED, MEASURED IN $ / BU","TOTAL","NOT SPECIFIED","7.83",""
"SURVEY","1983","MARKETING YEAR","","NATIONAL","US TOTAL","","","","","","","","00000000","","WHEAT","WHEAT - PRICE RECEIVED, MEASURED IN $ / BU","TOTAL","NOT SPECIFIED","3.51",""
"SURVEY","1982","MARKETING YEAR","","NATIONAL","US TOTAL","","","","","","","","00000000","","CORN","CORN, GRAIN - PRICE RECEIVED, MEASURED IN $ / BU","TOTAL","NOT SPECIFIED","2.55",""
"SURVEY","1982","MARKETING YEAR","","NATIONAL","US TOTAL","","","","","","","","00000000","","SOYBEANS","SOYBEANS - PRICE RECEIVED, MEASURED IN $ / BU","TOTAL","NOT SPECIFIED","5.71",""
"SURVEY","1982","MARKETING YEAR","","NATIONAL","US TOTAL","","","","","","","","00000000","","WHEAT","WHEAT - PRICE RECEIVED, MEASURED IN $ / BU","TOTAL","NOT SPECIFIED","3.45",""
"SURVEY","1981","MARKETING YEAR","","NATIONAL","US TOTAL","","","","","","","","00000000","","CORN","CORN, GRAIN - PRICE RECEIVED, MEASURED IN $ / BU","TOTAL","NOT SPECIFIED","2.5",""
"SURVEY","1981","MARKETING YEAR","","NATIONAL","US TOTAL","","","","","","","","00000000","","SOYBEANS","SOYBEANS - PRICE RECEIVED, MEASURED IN $ / BU","TOTAL","NOT SPECIFIED","6.07",""
"SURVEY","1981","MARKETING YEAR","","NATIONAL","US TOTAL","","","","","","","","00000000","","WHEAT","WHEAT - PRICE RECEIVED, MEASURED IN $ / BU","TOTAL","NOT SPECIFIED","3.66",""
"SURVEY","1980","MARKETING YEAR","","NATIONAL","US TOTAL","","","","","","","","00000000","","CORN","CORN, GRAIN - PRICE RECEIVED, MEASURED IN $ / BU","TOTAL","NOT SPECIFIED","3.11",""
"SURVEY","1980","MARKETING YEAR","","NATIONAL","US TOTAL","","","","","","","","00000000","","SOYBEANS","SOYBEANS - PRICE RECEIVED, MEASURED IN $ / BU","TOTAL","NOT SPECIFIED","7.6",""
"SURVEY","1980","MARKETING YEAR","","NATIONAL","US TOTAL","","","","","","","","00000000","","WHEAT","WHEAT - PRICE RECEIVED, MEASURED IN $ / BU","TOTAL","NOT SPECIFIED","3.91",""
"SURVEY","1979","MARKETING YEAR","","NATIONAL","US TOTAL","","","","","","","","00000000","","CORN","CORN, GRAIN - PRICE RECEIVED, MEASURED IN $ / BU","TOTAL","NOT SPECIFIED","2.52",""
"SURVEY","1979","MARKETING YEAR","","NATIONAL","US TOTAL","","","","","","","","00000000","","SOYBEANS","SOYBEANS - PRICE RECEIVED, MEASURED IN $ / BU","TOTAL","NOT SPECIFIED","6.29",""
"SURVEY","1979","MARKETING YEAR","","NATIONAL","US TOTAL","","","","","","","","00000000","","WHEAT","WHEAT - PRICE RECEIVED, MEASURED IN $ / BU","TOTAL","NOT SPECIFIED","3.78",""
"SURVEY","1978","MARKETING YEAR","","NATIONAL","US TOTAL","","","","","","","","00000000","","CORN","CORN, GRAIN - PRICE RECEIVED, MEASURED IN $ / BU","TOTAL","NOT SPECIFIED","2.25",""
"SURVEY","1978","MARKETING YEAR","","NATIONAL","US TOTAL","","","","","","","","00000000","","SOYBEANS","SOYBEANS - PRICE RECEIVED, MEASURED IN $ / BU","TOTAL","NOT SPECIFIED","6.66",""
"SURVEY","1978","MARKETING YEAR","","NATIONAL","US TOTAL","","","","","","","","00000000","","WHEAT","WHEAT - PRICE RECEIVED, MEASURED IN $ / BU","TOTAL","NOT SPECIFIED","2.97",""
"SURVEY","1977","MARKETING YEAR","","NATIONAL","US TOTAL","","","","","","","","00000000","","CORN","CORN, GRAIN - PRICE RECEIVED, MEASURED IN $ / BU","TOTAL","NOT SPECIFIED","2.02",""
"SURVEY","1977","MARKETING YEAR","","NATIONAL","US TOTAL","","","","","","","","00000000","","SOYBEANS","SOYBEANS - PRICE RECEIVED, MEASURED IN $ / BU","TOTAL","NOT SPECIFIED","5.88",""
"SURVEY","1977","MARKETING YEAR","","NATIONAL","US TOTAL","","","","","","","","00000000","","WHEAT","WHEAT - PRICE RECEIVED, MEASURED IN $ / BU","TOTAL","NOT SPECIFIED","2.33",""
"SURVEY","1976","MARKETING YEAR","","NATIONAL","US TOTAL","","","","","","","","00000000","","CORN","CORN, GRAIN - PRICE RECEIVED, MEASURED IN $ / BU","TOTAL","NOT SPECIFIED","2.15",""
"SURVEY","1976","MARKETING YEAR","","NATIONAL","US TOTAL","","","","","","","","00000000","","SOYBEANS","SOYBEANS - PRICE RECEIVED, MEASURED IN $ / BU","TOTAL","NOT SPECIFIED","6.81",""
"SURVEY","1976","MARKETING YEAR","","NATIONAL","US TOTAL","","","","","","","","00000000","","WHEAT","WHEAT - PRICE RECEIVED, MEASURED IN $ / BU","TOTAL","NOT SPECIFIED","2.73",""
"SURVEY","1975","MARKETING YEAR","","NATIONAL","US TOTAL","","","","","","","","00000000","","CORN","CORN, GRAIN - PRICE RECEIVED, MEASURED IN $ / BU","TOTAL","NOT SPECIFIED","2.54",""
"SURVEY","1975","MARKETING YEAR","","NATIONAL","US TOTAL","","","","","","","","00000000","","SOYBEANS","SOYBEANS - PRICE RECEIVED, MEASURED IN $ / BU","TOTAL","NOT SPECIFIED","4.92",""
"SURVEY","1975","MARKETING YEAR","","NATIONAL","US TOTAL","","","","","","","","00000000","","WHEAT","WHEAT - PRICE RECEIVED, MEASURED IN $ / BU","TOTAL","NOT SPECIFIED","3.55",""
